id,first_name,last_name,email,gender,ip_address
1,Hilda,Letford,hletford0@dropbox.com,Female,71.61.25.83
2,Anneliese,Arnaud,aarnaud1@php.net,Female,226.241.233.128
3,Holmes,Suggey,hsuggey2@fema.gov,Male,173.145.87.236
4,Georgine,Mackiewicz,gmackiewicz3@columbia.edu,Female,157.82.89.98
5,Forrest,Malt,fmalt4@shinystat.com,Male,67.138.50.36
6,Benn,Derby,bderby5@phoca.cz,Male,1.239.15.177
7,Clevie,Elders,celders6@umn.edu,Male,90.155.2.157
8,Chucho,Scolland,cscolland7@myspace.com,Male,197.62.109.37
9,Donny,McCreary,dmccreary8@acquirethisname.com,Female,238.34.16.145
10,Ilaire,Salmond,isalmond9@walmart.com,Male,76.69.246.195

