id,Nombre,Apellido,Salario
1,Fanny,Edlin,20383.02
2,Denice,Lynagh,146690.88
3,Fidelia,O'Riordan,108189.25
4,Daryle,Lethcoe,131419.99
5,Liam,McCreedy,167215.94
6,Abbie,Stawell,193755.32
7,Rosabella,Turpey,111451.33
8,Christian,Jonin,75506.8
9,Helene,Trundell,144569.35
10,Reilly,Fairnie,98353.46
11,Dolores,Northam,47958.06
12,Beale,Shaw,163675.47
13,Drucie,Finch,27864.57
14,Deni,Shillom,100886.12
15,Jehanna,Wheeliker,44567.34
16,Gabriella,Gabbat,116327.19
17,Leanna,McGrowther,190182.33
18,Frankie,Acreman,139831.56
19,Estele,Gonet,96594.88
20,Gaile,Thys,185727.72
21,Torey,Tether,105466.82
22,Mignon,Godber,20796.35
23,Shirleen,Joblin,182834.94
24,Tresa,Kohter,188860.04
25,Ladonna,Hundey,46803.69
26,Agnese,Fills,180737.5
27,Jorrie,Dhennin,68141.23
28,Uriel,Trippett,146870.95
29,Edwin,Causnett,21621.06
30,Sibley,Leng,105169.27
31,Simmonds,Darinton,104612.06
32,Farah,Scutching,121415.31
33,Christiane,Gentile,30023.98
34,Kaycee,Goldes,181621.2
35,Vergil,Size,193210.81
36,Bonita,Sutworth,130775.47
37,Thorstein,Rash,37269.26
38,Johan,Bromont,26181.97
39,Chicky,Creser,186207.62
40,Anderea,Chesworth,194739.86
41,Christiana,Elizabeth,59225.19
42,Ced,Toxell,119288.48
43,Dilan,Eliot,29121.75
44,Mathew,Scroyton,175164.42
45,Elfrida,Neylan,56803.48
46,Ainsley,Reams,164179.01
47,Celestine,Simonot,109973.09
48,Winston,Jayme,37968.91
49,Jervis,MacAlees,83142.2
50,Inesita,Lawther,25613.42
